<?xml version="1.0" encoding="UTF-8"?>
<java version="1.8.0_66" class="java.beans.XMLDecoder">
 <object class="logbook.config.UserDataConfig">
  <void property="items">
   <object class="java.util.ArrayList"/>
  </void>
  <void property="previousMissions">
   <array class="logbook.dto.DeckMissionDto" length="3">
    <void index="0">
     <object class="logbook.dto.DeckMissionDto" id="DeckMissionDto0"/>
    </void>
    <void index="1">
     <object idref="DeckMissionDto0"/>
    </void>
    <void index="2">
     <object idref="DeckMissionDto0"/>
    </void>
   </array>
  </void>
 </object>
</java>
