<?xml version="1.0" encoding="UTF-8"?>
<java version="1.8.0_66" class="java.beans.XMLDecoder">
 <object class="logbook.config.bean.AppConfigBean" id="AppConfigBean0">
  <void property="windowConfigMap">
   <void method="put">
    <string>logbook.gui.ApplicationMain</string>
    <object class="logbook.config.bean.WindowConfigBean">
     <void property="height">
      <int>420</int>
     </void>
     <void property="locationX">
      <int>1078</int>
     </void>
     <void property="locationY">
      <int>265</int>
     </void>
     <void property="opened">
      <boolean>true</boolean>
     </void>
     <void property="width">
      <int>280</int>
     </void>
    </object>
   </void>
  </void>
 </object>
</java>
